{ "height":15,
 "infinite":false,
 "layers":[
        {
         "data":[0, 0, 0, 0, 0, 0, 0, 0, 0, 0, 0, 0, 0, 0, 0, 0, 0, 0, 0, 0, 0, 0, 0, 0, 0, 0, 0, 0, 0, 0, 0, 0, 0, 0, 0, 0, 0, 0, 0, 0, 0, 0, 0, 0, 0, 0, 0, 0, 0, 0, 0, 0, 0, 0, 0, 0, 0, 0, 0, 0, 0, 0, 0, 0, 0, 0, 0, 0, 0, 0, 0, 0, 0, 0, 0, 0, 0, 0, 0, 0, 0, 0, 0, 0, 0, 0, 0, 0, 0, 0, 0, 0, 0, 0, 0, 0, 0, 0, 0, 0, 0, 0, 0, 0, 0, 0, 0, 0, 0, 0, 0, 0, 0, 0, 0, 0, 0, 0, 0, 0, 0, 0, 0, 0, 0, 0, 0, 0, 0, 0, 0, 0, 0, 0, 0, 0, 0, 0, 0, 0, 0, 0, 0, 0, 0, 0, 0, 0, 0, 0, 0, 0, 0, 0, 0, 0, 0, 0, 0, 0, 0, 0, 0, 0, 0, 0, 0, 0, 0, 0, 0, 0, 0, 0, 13, 24, 0, 0, 0, 0, 0, 0, 0, 0, 0, 0, 23, 37, 23, 0, 0, 0, 0, 0, 0, 0, 0, 0, 0, 0, 0, 0, 0, 0, 0, 0, 0, 0, 0, 0, 0, 0, 0, 0, 0, 0, 0, 0, 0, 0, 0, 0, 0, 0, 0, 0, 0, 0, 0, 0, 0, 0, 0, 2, 2, 2, 0, 0, 0, 0, 0, 0, 39, 0, 39, 1, 1, 1, 1, 1, 1, 0, 0, 0, 0, 0, 0, 0, 0, 0, 0, 0, 0, 0, 0, 0, 0, 0, 0, 0, 0, 0, 0, 0, 0, 0, 0, 0, 0, 0, 0, 0, 0, 0, 36, 16, 0, 24, 0, 26, 0, 0, 0, 2, 2, 2, 0, 0, 0, 0, 1, 1, 1, 1, 1, 2, 2, 2, 2, 2, 2, 0, 0, 0, 0, 0, 0, 0, 0, 15, 0, 0, 0, 0, 25, 0, 0, 0, 0, 0, 0, 0, 0, 0, 0, 0, 0, 0, 0, 0, 15, 15, 1, 1, 1, 1, 1, 1, 1, 1, 1, 0, 0, 2, 2, 2, 0, 0, 0, 0, 2, 2, 2, 2, 2, 2, 2, 2, 2, 2, 2, 1, 0, 0, 0, 0, 39, 0, 24, 1, 0, 0, 0, 0, 1, 0, 0, 0, 0, 0, 0, 0, 0, 0, 0, 0, 0, 0, 36, 24, 1, 1, 2, 2, 2, 2, 2, 2, 2, 2, 2, 0, 0, 2, 2, 2, 0, 0, 0, 0, 2, 2, 2, 2, 2, 2, 2, 2, 2, 2, 2, 2, 1, 1, 1, 1, 1, 1, 1, 2, 0, 0, 0, 0, 2, 25, 24, 0, 39, 0, 0, 0, 0, 0, 0, 24, 24, 24, 1, 1, 2, 2, 2, 2, 2, 2, 2, 2, 2, 2, 2, 0, 0, 2, 2, 2, 0, 0, 0, 0, 2, 2, 2, 2, 2, 2, 2, 2, 2, 2, 2, 2, 2, 2, 2, 2, 2, 2, 2, 2, 1, 1, 1, 1, 2, 1, 1, 1, 1, 0, 0, 0, 0, 0, 1, 1, 1, 1, 2, 2, 2, 2, 2, 2, 2, 2, 2, 2, 2, 2, 2, 0, 0, 2, 2, 2, 0, 0, 0, 0, 2, 2, 2, 2, 2, 2, 2, 2, 2, 2, 2, 2, 2, 2, 2, 2, 2, 2, 2, 2, 2, 2, 2, 2, 2, 2, 2, 2, 2, 1, 0, 0, 0, 1, 2, 2, 2, 2, 2, 2, 2, 2, 2, 2, 2, 2, 2, 2, 2, 2, 2, 0, 0, 2, 2, 2, 0, 0, 0, 0, 2, 2, 2, 2, 2, 2, 2, 2, 2, 2, 2, 2, 2, 2, 2, 2, 2, 2, 2, 2, 2, 2, 2, 2, 2, 2, 2, 2, 2, 2, 1, 0, 1, 2, 2, 2, 2, 2, 2, 2, 2, 2, 2, 2, 2, 2, 2, 2, 2, 2, 2, 0, 0, 2, 2, 2, 0, 0, 0, 0, 2, 2, 2, 2, 2, 2, 2, 2, 2, 2, 2, 2, 2, 2, 2, 2, 2, 2, 2, 2, 2, 2, 2, 2, 2, 2, 2, 2, 2, 2, 2, 0, 2, 2, 2, 2, 2, 2, 2, 2, 2, 2, 2, 2, 2, 2, 2, 2, 2, 2, 2, 0, 0, 11, 11, 11, 0, 0, 0, 0, 0, 0, 0, 0, 0, 0, 0, 0, 0, 0, 0, 0, 0, 0, 0, 0, 0, 0, 0, 0, 0, 0, 0, 0, 0, 0, 0, 0, 0, 0, 0, 0, 0, 0, 0, 0, 0, 0, 0, 0, 0, 0, 0, 0, 0, 0, 0, 0, 0, 0, 0, 0, 0, 0, 0, 0, 0, 0, 0, 0, 0, 0, 0, 0, 0, 0, 0, 0, 0, 0, 0, 0, 0, 0, 0, 0, 0, 0, 0, 0, 0, 0, 0, 0, 0, 0, 0, 0, 0, 0, 0, 0, 0, 0, 0, 0, 0, 0, 0, 0, 0, 0, 0, 0, 0, 0, 0, 0, 0, 0, 0, 0, 0, 0, 0, 0, 0, 0, 0, 0, 29, 29, 29, 29, 29, 29, 29, 29, 29, 29, 29, 29, 29, 29, 29, 29, 29, 29, 29, 29, 29, 29, 29, 29, 29, 29, 29, 29, 29, 29, 29, 29, 29, 29, 29, 29, 29, 29, 29, 29, 29, 29, 29, 29, 29, 29, 29, 29, 29, 29, 29, 29, 29, 29, 29, 29, 29, 29, 29, 29],
         "height":15,
         "name":"Tiles Layer 1",
         "opacity":1,
         "type":"tilelayer",
         "visible":true,
         "width":60,
         "x":0,
         "y":0
        }, 
        {
         "draworder":"topdown",
         "name":"Object Layer 1",
         "objects":[
                {
                 "gid":45,
                 "height":64,
                 "id":1,
                 "name":"SAW",
                 "rotation":0,
                 "type":"",
                 "visible":true,
                 "width":64,
                 "x":538.090909090909,
                 "y":101.636363636364
                }, 
                {
                 "gid":45,
                 "height":50,
                 "id":2,
                 "name":"",
                 "rotation":0,
                 "type":"",
                 "visible":true,
                 "width":50,
                 "x":1296.59090909091,
                 "y":350
                }, 
                {
                 "gid":45,
                 "height":55,
                 "id":3,
                 "name":"",
                 "rotation":0,
                 "type":"",
                 "visible":true,
                 "width":55,
                 "x":2127.75757575758,
                 "y":129.469696969697
                }, 
                {
                 "gid":46,
                 "height":22,
                 "id":5,
                 "name":"",
                 "rotation":0,
                 "type":"",
                 "visible":true,
                 "width":22,
                 "x":380.090909090909,
                 "y":75
                }, 
                {
                 "gid":46,
                 "height":22,
                 "id":6,
                 "name":"",
                 "rotation":0,
                 "type":"",
                 "visible":true,
                 "width":22,
                 "x":424.090909090909,
                 "y":75
                }, 
                {
                 "gid":46,
                 "height":22,
                 "id":7,
                 "name":"Coin",
                 "rotation":0,
                 "type":"",
                 "visible":true,
                 "width":22,
                 "x":466.090909090909,
                 "y":75
                }, 
                {
                 "gid":46,
                 "height":22,
                 "id":13,
                 "name":"",
                 "rotation":0,
                 "type":"",
                 "visible":true,
                 "width":22,
                 "x":661.090909090909,
                 "y":182
                }, 
                {
                 "gid":46,
                 "height":22,
                 "id":14,
                 "name":"",
                 "rotation":0,
                 "type":"",
                 "visible":true,
                 "width":22,
                 "x":697.090909090909,
                 "y":182
                }, 
                {
                 "gid":46,
                 "height":22,
                 "id":15,
                 "name":"",
                 "rotation":0,
                 "type":"",
                 "visible":true,
                 "width":22,
                 "x":739.090909090909,
                 "y":182
                }, 
                {
                 "gid":46,
                 "height":22,
                 "id":16,
                 "name":"",
                 "rotation":0,
                 "type":"",
                 "visible":true,
                 "width":22,
                 "x":779.090909090909,
                 "y":181.636363636364
                }, 
                {
                 "gid":46,
                 "height":22,
                 "id":17,
                 "name":"",
                 "rotation":0,
                 "type":"",
                 "visible":true,
                 "width":22,
                 "x":878.090909090909,
                 "y":180.636363636364
                }, 
                {
                 "gid":46,
                 "height":22,
                 "id":18,
                 "name":"",
                 "rotation":0,
                 "type":"",
                 "visible":true,
                 "width":22,
                 "x":922.090909090909,
                 "y":182.636363636364
                }, 
                {
                 "gid":46,
                 "height":22,
                 "id":19,
                 "name":"",
                 "rotation":0,
                 "type":"",
                 "visible":true,
                 "width":22,
                 "x":960.090909090909,
                 "y":183.636363636364
                }, 
                {
                 "gid":46,
                 "height":22,
                 "id":20,
                 "name":"",
                 "rotation":0,
                 "type":"",
                 "visible":true,
                 "width":22,
                 "x":997.090909090909,
                 "y":184.636363636364
                }, 
                {
                 "gid":46,
                 "height":22,
                 "id":21,
                 "name":"",
                 "rotation":0,
                 "type":"",
                 "visible":true,
                 "width":22,
                 "x":1480.09090909091,
                 "y":249.636363636364
                }, 
                {
                 "gid":46,
                 "height":22,
                 "id":22,
                 "name":"",
                 "rotation":0,
                 "type":"",
                 "visible":true,
                 "width":22,
                 "x":1532.09090909091,
                 "y":254.636363636364
                }, 
                {
                 "gid":46,
                 "height":22,
                 "id":23,
                 "name":"",
                 "rotation":0,
                 "type":"",
                 "visible":true,
                 "width":22,
                 "x":1577.09090909091,
                 "y":253.636363636364
                }, 
                {
                 "gid":50,
                 "height":32,
                 "id":26,
                 "name":"",
                 "rotation":0,
                 "type":"",
                 "visible":true,
                 "width":42,
                 "x":235.424242424242,
                 "y":108.969696969697
                }, 
                {
                 "gid":50,
                 "height":32,
                 "id":29,
                 "name":"Dona Aranha",
                 "rotation":0,
                 "type":"",
                 "visible":true,
                 "width":42,
                 "x":868.090909090909,
                 "y":261.969696969697
                }, 
                {
                 "gid":55,
                 "height":40,
                 "id":32,
                 "name":"BATMAN",
                 "rotation":0,
                 "type":"",
                 "visible":true,
                 "width":48,
                 "x":1300,
                 "y":250
                }],
         "offsetx":0,
         "offsety":18.6666666666666,
         "opacity":1,
         "type":"objectgroup",
         "visible":true,
         "x":0,
         "y":0
        }],
 "nextobjectid":36,
 "orientation":"orthogonal",
 "renderorder":"right-down",
 "tiledversion":"1.1.5",
 "tileheight":42,
 "tilesets":[
        {
         "columns":11,
         "firstgid":1,
         "image":"tileset-42x42.png",
         "imageheight":168,
         "imagewidth":462,
         "margin":0,
         "name":"tiles1",
         "spacing":0,
         "tilecount":44,
         "tileheight":42,
         "tilewidth":42
        }, 
        {
         "columns":1,
         "firstgid":45,
         "image":"saw.png",
         "imageheight":64,
         "imagewidth":64,
         "margin":0,
         "name":"saw",
         "spacing":0,
         "tilecount":1,
         "tileheight":64,
         "tilewidth":64
        }, 
        {
         "columns":4,
         "firstgid":46,
         "image":"coin_spritesheet.png",
         "imageheight":22,
         "imagewidth":88,
         "margin":0,
         "name":"coin_spritesheet",
         "spacing":0,
         "tilecount":4,
         "tileheight":22,
         "tilewidth":22
        }, 
        {
         "columns":5,
         "firstgid":50,
         "image":"spider_spritesheet.png",
         "imageheight":32,
         "imagewidth":210,
         "margin":0,
         "name":"spider",
         "spacing":0,
         "tilecount":5,
         "tileheight":32,
         "tilewidth":42
        }, 
        {
         "columns":4,
         "firstgid":55,
         "image":"Bats2.png",
         "imageheight":160,
         "imagewidth":192,
         "margin":0,
         "name":"Bats",
         "spacing":0,
         "tilecount":16,
         "tileheight":40,
         "tilewidth":48
        }],
 "tilewidth":42,
 "type":"map",
 "version":1,
 "width":60
}