{ "height":15,
 "infinite":false,
 "layers":[
        {
         "data":[0, 0, 0, 0, 0, 0, 0, 0, 0, 0, 0, 0, 0, 0, 0, 0, 0, 0, 0, 0, 0, 0, 0, 0, 0, 0, 0, 0, 0, 0, 0, 0, 0, 0, 0, 0, 0, 0, 0, 0, 0, 0, 0, 0, 0, 0, 0, 0, 0, 0, 0, 0, 0, 0, 0, 0, 0, 0, 0, 0, 0, 0, 0, 0, 0, 0, 0, 0, 0, 0, 0, 0, 0, 0, 0, 0, 0, 0, 0, 0, 0, 0, 0, 0, 0, 0, 0, 0, 0, 0, 0, 0, 0, 0, 0, 0, 0, 0, 0, 0, 0, 0, 0, 0, 0, 0, 0, 0, 0, 0, 0, 0, 0, 0, 0, 0, 0, 0, 0, 0, 0, 0, 0, 0, 0, 0, 0, 0, 0, 0, 0, 0, 0, 0, 0, 0, 0, 0, 0, 0, 0, 0, 0, 0, 0, 0, 0, 0, 0, 0, 0, 0, 0, 0, 0, 0, 0, 0, 0, 0, 0, 0, 0, 0, 0, 0, 0, 0, 0, 0, 0, 0, 0, 0, 0, 0, 0, 26, 13, 0, 0, 0, 0, 0, 0, 0, 0, 0, 0, 0, 0, 0, 0, 0, 0, 0, 0, 0, 0, 0, 0, 0, 10, 0, 0, 0, 0, 10, 0, 0, 0, 0, 0, 0, 0, 0, 0, 0, 0, 10, 0, 0, 0, 0, 0, 0, 0, 10, 0, 0, 0, 0, 0, 0, 0, 0, 0, 1, 1, 0, 0, 0, 0, 0, 0, 0, 0, 0, 0, 0, 0, 0, 0, 0, 0, 1, 1, 0, 0, 1, 0, 0, 1, 1, 1, 1, 1, 1, 0, 0, 0, 0, 0, 0, 0, 0, 0, 0, 0, 1, 1, 1, 1, 1, 1, 1, 1, 1, 0, 0, 0, 0, 0, 0, 0, 0, 0, 2, 2, 0, 0, 0, 0, 0, 0, 0, 0, 0, 0, 0, 0, 0, 0, 0, 0, 0, 0, 0, 0, 0, 0, 0, 0, 0, 0, 0, 0, 0, 0, 0, 10, 0, 0, 0, 0, 0, 0, 10, 0, 0, 0, 0, 0, 0, 0, 0, 0, 0, 0, 0, 0, 11, 0, 0, 0, 11, 0, 2, 2, 0, 0, 0, 0, 0, 0, 0, 0, 0, 0, 0, 0, 0, 1, 0, 0, 0, 0, 0, 0, 0, 0, 1, 0, 0, 0, 0, 0, 0, 0, 0, 1, 1, 1, 1, 1, 1, 1, 1, 0, 0, 0, 0, 0, 0, 0, 0, 0, 0, 0, 0, 0, 1, 1, 1, 1, 1, 0, 2, 2, 0, 0, 0, 0, 0, 0, 0, 0, 0, 0, 0, 0, 0, 2, 29, 29, 29, 29, 29, 29, 29, 29, 2, 0, 0, 0, 0, 0, 0, 0, 0, 2, 2, 2, 2, 2, 2, 2, 2, 0, 0, 0, 0, 0, 0, 0, 0, 0, 0, 0, 0, 0, 2, 2, 2, 2, 2, 0, 2, 2, 0, 10, 0, 0, 0, 0, 0, 0, 0, 0, 10, 0, 0, 2, 2, 2, 2, 2, 2, 2, 2, 2, 2, 0, 0, 0, 0, 0, 0, 0, 0, 2, 2, 2, 2, 2, 2, 2, 2, 0, 0, 0, 0, 0, 0, 0, 0, 0, 0, 0, 0, 0, 2, 2, 2, 2, 2, 0, 2, 2, 0, 1, 1, 1, 1, 1, 1, 1, 1, 1, 1, 0, 0, 2, 2, 2, 2, 2, 2, 2, 2, 2, 2, 0, 0, 0, 0, 0, 0, 0, 0, 2, 2, 2, 2, 2, 2, 2, 2, 0, 0, 0, 0, 0, 0, 0, 0, 0, 0, 0, 0, 0, 2, 2, 2, 2, 2, 0, 2, 2, 0, 2, 2, 2, 2, 2, 2, 2, 2, 2, 2, 0, 0, 2, 2, 2, 2, 2, 2, 2, 2, 2, 2, 0, 0, 0, 0, 0, 0, 0, 0, 2, 2, 2, 2, 2, 2, 2, 2, 0, 0, 0, 0, 0, 0, 0, 0, 0, 0, 0, 0, 0, 2, 2, 2, 2, 2, 0, 2, 2, 0, 2, 2, 2, 2, 2, 2, 2, 2, 2, 2, 0, 0, 2, 2, 2, 2, 2, 2, 2, 2, 2, 2, 0, 0, 0, 0, 0, 0, 0, 0, 2, 2, 2, 2, 2, 2, 2, 2, 0, 0, 0, 0, 0, 0, 0, 0, 0, 0, 0, 0, 0, 2, 2, 2, 2, 2, 0, 2, 2, 0, 0, 0, 0, 0, 0, 0, 0, 0, 0, 0, 0, 0, 0, 0, 0, 0, 0, 0, 0, 0, 0, 0, 0, 0, 0, 0, 0, 0, 0, 0, 0, 0, 0, 0, 0, 0, 0, 0, 0, 0, 0, 0, 0, 0, 0, 0, 0, 0, 0, 0, 0, 0, 0, 0, 0, 0, 0, 0, 0, 0, 0, 0, 0, 0, 0, 0, 0, 0, 0, 0, 0, 0, 0, 0, 0, 0, 0, 0, 0, 0, 0, 0, 0, 0, 0, 0, 0, 0, 0, 0, 0, 0, 0, 0, 0, 0, 0, 0, 0, 0, 0, 0, 0, 0, 0, 0, 0, 0, 0, 0, 0, 0, 0, 0, 0, 0, 0, 0, 0, 0, 29, 29, 29, 29, 29, 29, 29, 29, 29, 29, 29, 29, 29, 29, 29, 29, 29, 29, 29, 29, 29, 29, 29, 29, 29, 29, 29, 29, 29, 29, 29, 29, 29, 29, 29, 29, 29, 29, 29, 29, 29, 29, 29, 29, 29, 29, 29, 29, 29, 29, 29, 29, 29, 29, 29, 29, 29, 29, 29, 29],
         "height":15,
         "name":"Tiles Layer 1",
         "opacity":1,
         "type":"tilelayer",
         "visible":true,
         "width":60,
         "x":0,
         "y":0
        }, 
        {
         "draworder":"topdown",
         "name":"Object Layer 1",
         "objects":[
                {
                 "gid":51,
                 "height":22,
                 "id":17,
                 "name":"",
                 "rotation":0,
                 "type":"",
                 "visible":true,
                 "width":22,
                 "x":170.333333333333,
                 "y":304.333333333333
                }, 
                {
                 "gid":51,
                 "height":22,
                 "id":18,
                 "name":"",
                 "rotation":0,
                 "type":"",
                 "visible":true,
                 "width":22,
                 "x":262.333333333333,
                 "y":307
                }, 
                {
                 "gid":51,
                 "height":22,
                 "id":19,
                 "name":"",
                 "rotation":0,
                 "type":"",
                 "visible":true,
                 "width":22,
                 "x":355.666666666667,
                 "y":305.666666666667
                }, 
                {
                 "gid":55,
                 "height":40,
                 "id":21,
                 "name":"Bat",
                 "rotation":0,
                 "type":"",
                 "visible":true,
                 "width":48,
                 "x":933.333333333333,
                 "y":336
                }, 
                {
                 "gid":55,
                 "height":40,
                 "id":22,
                 "name":"",
                 "rotation":0,
                 "type":"",
                 "visible":true,
                 "width":48,
                 "x":1308,
                 "y":151.333333333333
                }, 
                {
                 "gid":55,
                 "height":40,
                 "id":23,
                 "name":"",
                 "rotation":0,
                 "type":"",
                 "visible":true,
                 "width":48,
                 "x":1824,
                 "y":84.6666666666667
                }, 
                {
                 "gid":50,
                 "height":64,
                 "id":28,
                 "name":"Saw",
                 "rotation":0,
                 "type":"",
                 "visible":true,
                 "width":64,
                 "x":864.333333333333,
                 "y":218.666666666667
                }, 
                {
                 "gid":51,
                 "height":22,
                 "id":29,
                 "name":"",
                 "rotation":0,
                 "type":"",
                 "visible":true,
                 "width":22,
                 "x":1354.33333333333,
                 "y":184.333333333333
                }, 
                {
                 "gid":51,
                 "height":22,
                 "id":30,
                 "name":"",
                 "rotation":0,
                 "type":"",
                 "visible":true,
                 "width":22,
                 "x":1457,
                 "y":173.666666666667
                }, 
                {
                 "gid":51,
                 "height":22,
                 "id":31,
                 "name":"",
                 "rotation":0,
                 "type":"",
                 "visible":true,
                 "width":22,
                 "x":1498.33333333333,
                 "y":181.666666666667
                }, 
                {
                 "gid":51,
                 "height":22,
                 "id":32,
                 "name":"",
                 "rotation":0,
                 "type":"",
                 "visible":true,
                 "width":22,
                 "x":1739.66666666667,
                 "y":73.6666666666667
                }, 
                {
                 "gid":51,
                 "height":22,
                 "id":33,
                 "name":"",
                 "rotation":0,
                 "type":"",
                 "visible":true,
                 "width":22,
                 "x":1882.33333333333,
                 "y":65.6666666666667
                }, 
                {
                 "gid":51,
                 "height":22,
                 "id":35,
                 "name":"",
                 "rotation":0,
                 "type":"",
                 "visible":true,
                 "width":22,
                 "x":989,
                 "y":91
                }, 
                {
                 "gid":51,
                 "height":22,
                 "id":36,
                 "name":"",
                 "rotation":0,
                 "type":"",
                 "visible":true,
                 "width":22,
                 "x":1067.66666666667,
                 "y":91
                }, 
                {
                 "gid":51,
                 "height":22,
                 "id":37,
                 "name":"",
                 "rotation":0,
                 "type":"",
                 "visible":true,
                 "width":22,
                 "x":1134.33333333333,
                 "y":92.3333333333333
                }, 
                {
                 "gid":45,
                 "height":32,
                 "id":38,
                 "name":"",
                 "rotation":0,
                 "type":"",
                 "visible":true,
                 "width":42,
                 "x":1311,
                 "y":242.666666666667
                }, 
                {
                 "gid":45,
                 "height":32,
                 "id":39,
                 "name":"Dona Aranha",
                 "rotation":0,
                 "type":"",
                 "visible":true,
                 "width":42,
                 "x":1689.66666666667,
                 "y":120
                }, 
                {
                 "gid":45,
                 "height":32,
                 "id":40,
                 "name":"Dona Aranha2",
                 "rotation":0,
                 "type":"",
                 "visible":true,
                 "width":42,
                 "x":1924.33333333333,
                 "y":116
                }, 
                {
                 "gid":51,
                 "height":22,
                 "id":44,
                 "name":"",
                 "rotation":0,
                 "type":"",
                 "visible":true,
                 "width":22,
                 "x":657,
                 "y":128.333333333333
                }, 
                {
                 "gid":51,
                 "height":22,
                 "id":45,
                 "name":"",
                 "rotation":0,
                 "type":"",
                 "visible":true,
                 "width":22,
                 "x":811.666666666667,
                 "y":123
                }, 
                {
                 "gid":71,
                 "height":40,
                 "id":46,
                 "name":"",
                 "rotation":0,
                 "type":"",
                 "visible":true,
                 "width":40,
                 "x":2185.33333333333,
                 "y":218.666666666667
                }, 
                {
                 "gid":71,
                 "height":40,
                 "id":51,
                 "name":"",
                 "rotation":0,
                 "type":"",
                 "visible":true,
                 "width":40,
                 "x":982.666666666667,
                 "y":124
                }, 
                {
                 "gid":71,
                 "height":40,
                 "id":52,
                 "name":"Goblin",
                 "rotation":0,
                 "type":"",
                 "visible":true,
                 "width":40,
                 "x":329.333333333333,
                 "y":360
                }],
         "opacity":1,
         "type":"objectgroup",
         "visible":true,
         "x":0,
         "y":0
        }],
 "nextobjectid":53,
 "orientation":"orthogonal",
 "renderorder":"right-down",
 "tiledversion":"1.1.5",
 "tileheight":42,
 "tilesets":[
        {
         "columns":11,
         "firstgid":1,
         "image":"tileset-42x42.png",
         "imageheight":168,
         "imagewidth":462,
         "margin":0,
         "name":"tiles1",
         "spacing":0,
         "tilecount":44,
         "tileheight":42,
         "tilewidth":42
        }, 
        {
         "columns":5,
         "firstgid":45,
         "image":"spider_spritesheet.png",
         "imageheight":32,
         "imagewidth":210,
         "margin":0,
         "name":"spider",
         "spacing":0,
         "tilecount":5,
         "tileheight":32,
         "tilewidth":42
        }, 
        {
         "columns":1,
         "firstgid":50,
         "image":"saw.png",
         "imageheight":64,
         "imagewidth":64,
         "margin":0,
         "name":"saw",
         "spacing":0,
         "tilecount":1,
         "tileheight":64,
         "tilewidth":64
        }, 
        {
         "columns":4,
         "firstgid":51,
         "image":"coin_spritesheet.png",
         "imageheight":22,
         "imagewidth":88,
         "margin":0,
         "name":"coin_spritesheet",
         "spacing":0,
         "tilecount":4,
         "tileheight":22,
         "tilewidth":22
        }, 
        {
         "columns":4,
         "firstgid":55,
         "image":"Bats2.png",
         "imageheight":160,
         "imagewidth":192,
         "margin":0,
         "name":"Bats",
         "spacing":0,
         "tilecount":16,
         "tileheight":40,
         "tilewidth":48
        }, 
        {
         "columns":7,
         "firstgid":71,
         "image":"goblin.png",
         "imageheight":40,
         "imagewidth":280,
         "margin":0,
         "name":"Goblin",
         "spacing":0,
         "tilecount":7,
         "tileheight":40,
         "tilewidth":40
        }],
 "tilewidth":42,
 "type":"map",
 "version":1,
 "width":60
}