{ "height":15,
 "infinite":false,
 "layers":[
        {
         "data":[0, 0, 0, 0, 0, 0, 0, 0, 0, 0, 0, 0, 0, 0, 0, 0, 0, 0, 0, 0, 0, 0, 0, 0, 0, 0, 0, 0, 0, 0, 0, 0, 0, 0, 0, 0, 0, 0, 0, 0, 0, 0, 0, 0, 0, 0, 0, 0, 0, 0, 0, 0, 0, 0, 0, 0, 0, 0, 0, 0, 0, 0, 0, 0, 0, 0, 0, 0, 0, 0, 0, 0, 0, 0, 0, 0, 0, 0, 0, 0, 0, 0, 0, 0, 0, 0, 0, 0, 0, 0, 0, 0, 0, 0, 0, 0, 0, 0, 0, 0, 0, 0, 0, 0, 0, 0, 0, 0, 0, 0, 0, 0, 0, 0, 0, 0, 0, 0, 0, 0, 0, 0, 0, 0, 0, 0, 0, 0, 0, 0, 0, 0, 0, 0, 0, 0, 0, 0, 0, 0, 0, 0, 0, 0, 0, 0, 0, 0, 0, 0, 0, 0, 0, 0, 0, 0, 0, 0, 0, 0, 0, 0, 0, 0, 0, 0, 0, 0, 0, 0, 0, 0, 0, 0, 0, 0, 0, 0, 0, 0, 0, 0, 0, 0, 0, 0, 0, 0, 0, 0, 0, 0, 1, 0, 0, 0, 0, 0, 0, 0, 0, 0, 0, 0, 0, 0, 0, 0, 0, 0, 0, 0, 0, 0, 0, 0, 0, 0, 0, 10, 0, 0, 0, 0, 0, 0, 10, 0, 0, 0, 0, 0, 0, 10, 0, 26, 27, 0, 0, 28, 0, 0, 0, 0, 0, 0, 0, 0, 0, 0, 0, 1, 2, 0, 0, 0, 0, 0, 0, 0, 0, 0, 0, 0, 0, 0, 0, 0, 0, 0, 0, 0, 0, 0, 0, 0, 0, 1, 0, 1, 1, 1, 1, 1, 1, 1, 1, 1, 1, 1, 1, 1, 1, 1, 1, 1, 1, 0, 0, 1, 0, 0, 0, 0, 0, 0, 0, 0, 0, 0, 1, 2, 2, 0, 0, 0, 1, 0, 0, 0, 0, 0, 0, 0, 0, 0, 0, 0, 0, 0, 0, 0, 0, 0, 0, 0, 0, 0, 0, 2, 2, 2, 2, 2, 2, 2, 2, 2, 2, 2, 2, 2, 2, 2, 2, 2, 2, 0, 0, 2, 0, 0, 0, 0, 0, 0, 0, 0, 0, 1, 2, 2, 2, 0, 0, 0, 2, 0, 0, 0, 0, 0, 0, 0, 0, 0, 0, 0, 0, 0, 0, 0, 0, 0, 1, 0, 1, 0, 0, 2, 2, 2, 2, 2, 2, 2, 2, 2, 2, 2, 2, 2, 2, 2, 2, 2, 2, 0, 0, 2, 0, 0, 0, 0, 0, 0, 0, 0, 0, 2, 2, 2, 2, 0, 0, 0, 2, 0, 0, 0, 0, 0, 0, 0, 0, 0, 0, 0, 0, 0, 0, 0, 1, 0, 2, 29, 2, 0, 0, 2, 2, 2, 2, 2, 2, 2, 2, 2, 2, 2, 2, 2, 2, 2, 2, 2, 2, 0, 0, 2, 1, 1, 1, 1, 1, 1, 0, 0, 0, 2, 2, 2, 2, 0, 0, 0, 2, 29, 29, 29, 29, 0, 0, 0, 0, 0, 0, 0, 0, 0, 0, 29, 0, 0, 2, 2, 2, 0, 0, 0, 0, 0, 0, 0, 0, 0, 0, 0, 0, 0, 0, 0, 0, 0, 0, 0, 0, 0, 0, 0, 2, 2, 2, 2, 2, 2, 0, 0, 0, 2, 2, 2, 2, 0, 0, 0, 2, 1, 1, 1, 1, 1, 0, 0, 0, 0, 0, 0, 0, 1, 1, 1, 0, 0, 0, 0, 0, 0, 0, 0, 0, 0, 0, 0, 0, 0, 0, 0, 0, 0, 0, 0, 0, 0, 0, 0, 0, 0, 0, 0, 2, 2, 2, 2, 2, 2, 0, 0, 0, 2, 2, 2, 2, 0, 0, 0, 2, 2, 2, 2, 2, 2, 0, 0, 0, 0, 0, 0, 0, 2, 2, 2, 0, 0, 0, 0, 0, 0, 0, 10, 13, 26, 10, 0, 0, 0, 0, 0, 0, 0, 0, 0, 0, 0, 0, 0, 0, 0, 0, 0, 2, 2, 2, 2, 2, 2, 0, 0, 0, 2, 2, 2, 2, 0, 0, 0, 2, 2, 2, 2, 2, 2, 1, 1, 1, 1, 1, 1, 1, 2, 2, 2, 0, 0, 0, 0, 0, 0, 0, 1, 1, 1, 1, 1, 1, 1, 1, 1, 1, 1, 1, 1, 1, 1, 1, 1, 1, 1, 1, 1, 2, 2, 2, 2, 2, 2, 0, 0, 0, 2, 2, 2, 2, 0, 0, 0, 2, 2, 2, 2, 2, 2, 2, 2, 2, 2, 2, 2, 2, 2, 2, 2, 0, 0, 0, 0, 0, 0, 0, 2, 2, 2, 2, 2, 2, 2, 2, 2, 2, 2, 2, 2, 2, 2, 2, 2, 2, 2, 2, 2, 0, 0, 0, 0, 0, 0, 0, 0, 0, 0, 0, 0, 0, 0, 0, 0, 2, 2, 2, 2, 2, 2, 2, 2, 2, 2, 2, 2, 2, 2, 2, 2, 0, 0, 0, 0, 0, 0, 0, 2, 2, 2, 2, 2, 2, 2, 2, 2, 2, 2, 2, 2, 2, 2, 2, 2, 2, 2, 2, 2, 29, 29, 29, 29, 29, 29, 29, 29, 29, 29, 29, 29, 29, 29, 29, 29, 29, 29, 29, 29, 29, 29, 29, 29, 29, 29, 29, 29, 29, 29, 29, 29, 29, 29, 29, 29, 29, 29, 29, 29, 29, 29, 29, 29, 29, 29, 29, 29, 29, 29, 29, 29, 29, 29, 29, 29, 29, 29, 29, 29],
         "height":15,
         "name":"Tiles Layer 1",
         "opacity":1,
         "type":"tilelayer",
         "visible":true,
         "width":60,
         "x":0,
         "y":0
        }, 
        {
         "draworder":"topdown",
         "name":"Object Layer 1",
         "objects":[
                {
                 "gid":55,
                 "height":40,
                 "id":2,
                 "name":"",
                 "rotation":0,
                 "type":"",
                 "visible":true,
                 "width":48,
                 "x":2044,
                 "y":84
                }, 
                {
                 "gid":55,
                 "height":40,
                 "id":3,
                 "name":"",
                 "rotation":0,
                 "type":"",
                 "visible":true,
                 "width":48,
                 "x":966,
                 "y":400
                }, 
                {
                 "gid":63,
                 "height":40,
                 "id":4,
                 "name":"",
                 "rotation":0,
                 "type":"",
                 "visible":true,
                 "width":48,
                 "x":552,
                 "y":210
                }, 
                {
                 "gid":63,
                 "height":40,
                 "id":5,
                 "name":"",
                 "rotation":0,
                 "type":"",
                 "visible":true,
                 "width":48,
                 "x":2400,
                 "y":416
                }, 
                {
                 "gid":63,
                 "height":40,
                 "id":6,
                 "name":"",
                 "rotation":0,
                 "type":"",
                 "visible":true,
                 "width":48,
                 "x":1450,
                 "y":118
                }, 
                {
                 "gid":71,
                 "height":40,
                 "id":7,
                 "name":"",
                 "rotation":0,
                 "type":"",
                 "visible":true,
                 "width":40,
                 "x":1782,
                 "y":120
                }, 
                {
                 "gid":71,
                 "height":40,
                 "id":8,
                 "name":"",
                 "rotation":0,
                 "type":"",
                 "visible":true,
                 "width":40,
                 "x":1984,
                 "y":116
                }, 
                {
                 "gid":71,
                 "height":40,
                 "id":9,
                 "name":"",
                 "rotation":0,
                 "type":"",
                 "visible":true,
                 "width":40,
                 "x":928,
                 "y":454
                }, 
                {
                 "gid":45,
                 "height":32,
                 "id":10,
                 "name":"",
                 "rotation":0,
                 "type":"",
                 "visible":true,
                 "width":42,
                 "x":1141,
                 "y":464
                }, 
                {
                 "gid":45,
                 "height":32,
                 "id":11,
                 "name":"",
                 "rotation":0,
                 "type":"",
                 "visible":true,
                 "width":42,
                 "x":1871,
                 "y":118
                }, 
                {
                 "gid":71,
                 "height":40,
                 "id":12,
                 "name":"",
                 "rotation":0,
                 "type":"",
                 "visible":true,
                 "width":40,
                 "x":2126,
                 "y":124
                }, 
                {
                 "gid":50,
                 "height":64,
                 "id":13,
                 "name":"",
                 "rotation":0,
                 "type":"",
                 "visible":true,
                 "width":64,
                 "x":1062,
                 "y":312
                }, 
                {
                 "gid":71,
                 "height":40,
                 "id":15,
                 "name":"",
                 "rotation":0,
                 "type":"",
                 "visible":true,
                 "width":40,
                 "x":2082,
                 "y":416
                }, 
                {
                 "gid":71,
                 "height":40,
                 "id":16,
                 "name":"",
                 "rotation":0,
                 "type":"",
                 "visible":true,
                 "width":40,
                 "x":2324,
                 "y":412
                }, 
                {
                 "gid":45,
                 "height":32,
                 "id":17,
                 "name":"",
                 "rotation":0,
                 "type":"",
                 "visible":true,
                 "width":42,
                 "x":1947,
                 "y":410
                }, 
                {
                 "gid":51,
                 "height":22,
                 "id":19,
                 "name":"",
                 "rotation":0,
                 "type":"",
                 "visible":true,
                 "width":22,
                 "x":67.7878787878788,
                 "y":283.727272727273
                }, 
                {
                 "gid":51,
                 "height":22,
                 "id":20,
                 "name":"",
                 "rotation":0,
                 "type":"",
                 "visible":true,
                 "width":22,
                 "x":152.636363636364,
                 "y":277.666666666667
                }, 
                {
                 "gid":51,
                 "height":22,
                 "id":21,
                 "name":"",
                 "rotation":0,
                 "type":"",
                 "visible":true,
                 "width":22,
                 "x":358.69696969697,
                 "y":195.848484848485
                }, 
                {
                 "gid":51,
                 "height":22,
                 "id":22,
                 "name":"",
                 "rotation":0,
                 "type":"",
                 "visible":true,
                 "width":22,
                 "x":428.393939393939,
                 "y":135.242424242424
                }, 
                {
                 "gid":51,
                 "height":22,
                 "id":23,
                 "name":"",
                 "rotation":0,
                 "type":"",
                 "visible":true,
                 "width":22,
                 "x":504.151515151515,
                 "y":68.5757575757576
                }, 
                {
                 "gid":51,
                 "height":22,
                 "id":24,
                 "name":"",
                 "rotation":0,
                 "type":"",
                 "visible":true,
                 "width":22,
                 "x":689,
                 "y":171.606060606061
                }, 
                {
                 "gid":51,
                 "height":22,
                 "id":25,
                 "name":"",
                 "rotation":0,
                 "type":"",
                 "visible":true,
                 "width":22,
                 "x":973.848484848485,
                 "y":371.606060606061
                }, 
                {
                 "gid":51,
                 "height":22,
                 "id":26,
                 "name":"",
                 "rotation":0,
                 "type":"",
                 "visible":true,
                 "width":22,
                 "x":1085.9696969697,
                 "y":380.69696969697
                }, 
                {
                 "gid":51,
                 "height":22,
                 "id":27,
                 "name":"",
                 "rotation":0,
                 "type":"",
                 "visible":true,
                 "width":22,
                 "x":1346.57575757576,
                 "y":232.212121212121
                }, 
                {
                 "gid":51,
                 "height":22,
                 "id":28,
                 "name":"",
                 "rotation":0,
                 "type":"",
                 "visible":true,
                 "width":22,
                 "x":1470.81818181818,
                 "y":189.787878787879
                }, 
                {
                 "gid":51,
                 "height":22,
                 "id":29,
                 "name":"",
                 "rotation":0,
                 "type":"",
                 "visible":true,
                 "width":22,
                 "x":1549.60606060606,
                 "y":132.212121212121
                }, 
                {
                 "gid":51,
                 "height":22,
                 "id":30,
                 "name":"",
                 "rotation":0,
                 "type":"",
                 "visible":true,
                 "width":22,
                 "x":1707.18181818182,
                 "y":74.6363636363636
                }, 
                {
                 "gid":51,
                 "height":22,
                 "id":31,
                 "name":"",
                 "rotation":0,
                 "type":"",
                 "visible":true,
                 "width":22,
                 "x":1816.27272727273,
                 "y":56.4545454545455
                }, 
                {
                 "gid":51,
                 "height":22,
                 "id":32,
                 "name":"",
                 "rotation":0,
                 "type":"",
                 "visible":true,
                 "width":22,
                 "x":2031.42424242424,
                 "y":74.6363636363636
                }, 
                {
                 "gid":51,
                 "height":22,
                 "id":33,
                 "name":"",
                 "rotation":0,
                 "type":"",
                 "visible":true,
                 "width":22,
                 "x":2122.33333333333,
                 "y":71.6060606060606
                }, 
                {
                 "gid":51,
                 "height":22,
                 "id":34,
                 "name":"",
                 "rotation":0,
                 "type":"",
                 "visible":true,
                 "width":22,
                 "x":2325.36363636364,
                 "y":95.8484848484848
                }, 
                {
                 "gid":51,
                 "height":22,
                 "id":35,
                 "name":"",
                 "rotation":0,
                 "type":"",
                 "visible":true,
                 "width":22,
                 "x":2401.12121212121,
                 "y":126.151515151515
                }, 
                {
                 "gid":51,
                 "height":22,
                 "id":36,
                 "name":"",
                 "rotation":0,
                 "type":"",
                 "visible":true,
                 "width":22,
                 "x":2419.30303030303,
                 "y":214.030303030303
                }, 
                {
                 "gid":51,
                 "height":22,
                 "id":39,
                 "name":"",
                 "rotation":0,
                 "type":"",
                 "visible":true,
                 "width":22,
                 "x":2419.30303030303,
                 "y":335.242424242424
                }, 
                {
                 "gid":51,
                 "height":22,
                 "id":40,
                 "name":"",
                 "rotation":0,
                 "type":"",
                 "visible":true,
                 "width":22,
                 "x":2422.33333333333,
                 "y":417.060606060606
                }, 
                {
                 "gid":51,
                 "height":22,
                 "id":41,
                 "name":"",
                 "rotation":0,
                 "type":"",
                 "visible":true,
                 "width":22,
                 "x":2122.33333333333,
                 "y":398.878787878788
                }, 
                {
                 "gid":51,
                 "height":22,
                 "id":42,
                 "name":"",
                 "rotation":0,
                 "type":"",
                 "visible":true,
                 "width":22,
                 "x":1901.12121212121,
                 "y":395.848484848485
                }, 
                {
                 "gid":51,
                 "height":22,
                 "id":43,
                 "name":"",
                 "rotation":0,
                 "type":"",
                 "visible":true,
                 "width":22,
                 "x":1776.87878787879,
                 "y":374.636363636364
                }],
         "opacity":1,
         "type":"objectgroup",
         "visible":true,
         "x":0,
         "y":0
        }],
 "nextobjectid":44,
 "orientation":"orthogonal",
 "renderorder":"right-down",
 "tiledversion":"1.1.5",
 "tileheight":42,
 "tilesets":[
        {
         "columns":11,
         "firstgid":1,
         "image":"tileset-42x42.png",
         "imageheight":168,
         "imagewidth":462,
         "margin":0,
         "name":"tiles1",
         "spacing":0,
         "tilecount":44,
         "tileheight":42,
         "tilewidth":42
        }, 
        {
         "columns":5,
         "firstgid":45,
         "image":"spider_spritesheet.png",
         "imageheight":32,
         "imagewidth":210,
         "margin":0,
         "name":"spider",
         "spacing":0,
         "tilecount":5,
         "tileheight":32,
         "tilewidth":42
        }, 
        {
         "columns":1,
         "firstgid":50,
         "image":"saw.png",
         "imageheight":64,
         "imagewidth":64,
         "margin":0,
         "name":"saw",
         "spacing":0,
         "tilecount":1,
         "tileheight":64,
         "tilewidth":64
        }, 
        {
         "columns":4,
         "firstgid":51,
         "image":"coin_spritesheet.png",
         "imageheight":22,
         "imagewidth":88,
         "margin":0,
         "name":"coin_spritesheet",
         "spacing":0,
         "tilecount":4,
         "tileheight":22,
         "tilewidth":22
        }, 
        {
         "columns":4,
         "firstgid":55,
         "image":"Bats2.png",
         "imageheight":160,
         "imagewidth":192,
         "margin":0,
         "name":"Bats",
         "spacing":0,
         "tilecount":16,
         "tileheight":40,
         "tilewidth":48
        }, 
        {
         "columns":7,
         "firstgid":71,
         "image":"goblin.png",
         "imageheight":40,
         "imagewidth":280,
         "margin":0,
         "name":"Goblin",
         "spacing":0,
         "tilecount":7,
         "tileheight":40,
         "tilewidth":40
        }],
 "tilewidth":42,
 "type":"map",
 "version":1,
 "width":60
}