{ "height":15,
 "infinite":false,
 "layers":[
        {
         "data":[0, 0, 0, 0, 0, 0, 0, 0, 0, 0, 0, 0, 0, 0, 0, 0, 0, 0, 0, 0, 0, 0, 0, 0, 0, 0, 0, 0, 0, 0, 0, 0, 0, 0, 0, 0, 0, 0, 0, 0, 0, 0, 0, 0, 0, 0, 0, 0, 0, 0, 0, 0, 0, 0, 0, 0, 0, 0, 0, 0, 0, 0, 0, 0, 0, 0, 0, 0, 0, 0, 0, 0, 0, 0, 0, 0, 0, 0, 0, 0, 0, 0, 0, 0, 0, 0, 0, 0, 0, 0, 0, 0, 0, 0, 0, 0, 0, 0, 0, 0, 0, 0, 0, 0, 0, 0, 0, 0, 0, 0, 0, 0, 0, 0, 0, 0, 0, 0, 0, 0, 0, 0, 0, 0, 0, 0, 0, 0, 0, 0, 0, 0, 0, 0, 0, 0, 0, 0, 0, 0, 0, 0, 0, 0, 0, 0, 0, 0, 0, 0, 0, 0, 0, 0, 0, 0, 0, 0, 0, 10, 0, 0, 0, 0, 0, 0, 10, 0, 0, 0, 0, 0, 0, 10, 0, 26, 27, 0, 0, 28, 0, 0, 0, 0, 0, 0, 0, 0, 0, 0, 0, 0, 1, 0, 0, 0, 0, 0, 0, 0, 0, 0, 0, 0, 0, 0, 0, 0, 0, 0, 0, 0, 0, 0, 0, 0, 0, 0, 0, 1, 1, 1, 1, 1, 1, 1, 1, 1, 1, 1, 1, 1, 1, 1, 1, 1, 1, 0, 0, 1, 0, 0, 0, 0, 0, 0, 0, 0, 0, 0, 0, 1, 2, 0, 0, 0, 0, 29, 0, 0, 0, 0, 0, 0, 0, 0, 0, 0, 0, 0, 0, 0, 0, 0, 0, 0, 0, 1, 0, 2, 2, 2, 2, 2, 2, 2, 2, 2, 2, 2, 2, 2, 2, 2, 2, 2, 2, 0, 0, 2, 0, 0, 0, 0, 0, 0, 0, 0, 0, 0, 1, 2, 2, 0, 0, 1, 0, 1, 0, 0, 0, 0, 0, 0, 0, 0, 0, 0, 0, 0, 0, 0, 0, 0, 0, 0, 0, 0, 0, 2, 2, 2, 2, 2, 2, 2, 2, 2, 2, 2, 2, 2, 2, 2, 2, 2, 2, 0, 0, 2, 2, 0, 0, 0, 0, 0, 0, 0, 0, 1, 2, 2, 2, 0, 0, 2, 0, 0, 0, 1, 0, 0, 0, 0, 0, 0, 0, 0, 0, 0, 0, 0, 1, 0, 1, 0, 0, 0, 0, 2, 2, 2, 2, 2, 2, 2, 2, 2, 2, 2, 2, 2, 2, 2, 2, 2, 2, 0, 0, 2, 2, 0, 0, 0, 0, 0, 0, 0, 1, 2, 2, 2, 2, 0, 0, 2, 0, 0, 0, 0, 0, 0, 0, 0, 0, 0, 0, 0, 0, 0, 1, 0, 2, 29, 2, 0, 0, 0, 0, 0, 0, 0, 0, 0, 0, 0, 0, 0, 0, 0, 0, 0, 0, 0, 0, 0, 0, 0, 0, 0, 1, 1, 1, 1, 1, 1, 0, 0, 2, 2, 2, 2, 2, 0, 0, 2, 0, 0, 0, 0, 0, 0, 0, 0, 0, 0, 0, 0, 0, 0, 0, 0, 2, 2, 2, 0, 0, 0, 0, 0, 0, 0, 0, 0, 0, 0, 0, 0, 0, 0, 0, 0, 0, 0, 0, 0, 0, 0, 0, 0, 2, 2, 2, 2, 2, 2, 0, 0, 2, 2, 2, 2, 2, 0, 0, 2, 0, 0, 0, 0, 0, 1, 0, 0, 0, 0, 0, 0, 1, 0, 0, 0, 0, 0, 0, 0, 0, 0, 0, 0, 0, 0, 10, 13, 26, 10, 0, 0, 0, 0, 0, 0, 0, 0, 0, 0, 0, 0, 0, 0, 2, 2, 2, 2, 2, 2, 0, 0, 2, 2, 2, 2, 2, 0, 0, 2, 0, 0, 0, 0, 0, 2, 1, 1, 1, 1, 1, 1, 2, 0, 0, 0, 0, 0, 0, 0, 0, 0, 0, 0, 0, 0, 1, 1, 1, 1, 1, 1, 1, 1, 1, 1, 1, 1, 1, 1, 1, 1, 1, 1, 2, 2, 2, 2, 2, 2, 0, 0, 2, 2, 2, 2, 2, 0, 0, 2, 0, 0, 0, 0, 0, 2, 2, 2, 2, 2, 2, 2, 2, 0, 0, 0, 0, 0, 0, 0, 0, 0, 0, 0, 0, 0, 2, 2, 2, 2, 2, 2, 2, 2, 2, 2, 2, 2, 2, 2, 2, 2, 2, 2, 2, 2, 2, 2, 2, 2, 0, 0, 2, 2, 2, 2, 2, 0, 0, 2, 0, 0, 0, 0, 0, 2, 2, 2, 2, 2, 2, 2, 2, 0, 0, 0, 0, 0, 0, 0, 0, 0, 0, 0, 0, 0, 2, 2, 2, 2, 2, 2, 2, 2, 2, 2, 2, 2, 2, 2, 2, 2, 2, 2, 0, 0, 0, 0, 0, 0, 0, 0, 0, 0, 0, 0, 0, 0, 0, 2, 0, 0, 0, 0, 0, 2, 2, 2, 2, 2, 2, 2, 2, 0, 0, 0, 0, 0, 0, 0, 0, 0, 0, 0, 0, 0, 0, 0, 0, 0, 0, 0, 0, 0, 0, 0, 0, 0, 0, 0, 0, 0, 0, 0, 29, 29, 29, 29, 29, 29, 29, 29, 29, 29, 29, 29, 29, 29, 29, 29, 29, 29, 29, 29, 29, 29, 29, 29, 29, 29, 29, 29, 29, 29, 29, 29, 29, 29, 29, 29, 29, 29, 29, 29, 29, 29, 29, 29, 29, 29, 29, 29, 29, 29, 29, 29, 29, 29, 29, 29, 29, 29, 29, 29],
         "height":15,
         "name":"Tiles Layer 1",
         "opacity":1,
         "type":"tilelayer",
         "visible":true,
         "width":60,
         "x":0,
         "y":0
        }, 
        {
         "draworder":"topdown",
         "name":"Object Layer 1",
         "objects":[
                {
                 "gid":71,
                 "height":40,
                 "id":1,
                 "name":"Goblin",
                 "rotation":0,
                 "type":"",
                 "visible":true,
                 "width":40,
                 "x":929.454545454545,
                 "y":386.666666666667
                }, 
                {
                 "gid":55,
                 "height":40,
                 "id":2,
                 "name":"",
                 "rotation":0,
                 "type":"",
                 "visible":true,
                 "width":48,
                 "x":1709.33333333333,
                 "y":414.666666666667
                }, 
                {
                 "gid":55,
                 "height":40,
                 "id":3,
                 "name":"",
                 "rotation":0,
                 "type":"",
                 "visible":true,
                 "width":48,
                 "x":2430.54545454545,
                 "y":335.151515151515
                }, 
                {
                 "gid":55,
                 "height":40,
                 "id":5,
                 "name":"Bat",
                 "rotation":0,
                 "type":"",
                 "visible":true,
                 "width":48,
                 "x":1242.66666666667,
                 "y":123.030303030303
                }, 
                {
                 "gid":63,
                 "height":40,
                 "id":9,
                 "name":"",
                 "rotation":0,
                 "type":"",
                 "visible":true,
                 "width":48,
                 "x":992,
                 "y":230
                }, 
                {
                 "gid":63,
                 "height":40,
                 "id":10,
                 "name":"oneEyed",
                 "rotation":0,
                 "type":"",
                 "visible":true,
                 "width":48,
                 "x":2096,
                 "y":118
                }, 
                {
                 "gid":71,
                 "height":40,
                 "id":11,
                 "name":"",
                 "rotation":0,
                 "type":"",
                 "visible":true,
                 "width":40,
                 "x":1682,
                 "y":108
                }, 
                {
                 "gid":71,
                 "height":40,
                 "id":12,
                 "name":"",
                 "rotation":0,
                 "type":"",
                 "visible":true,
                 "width":40,
                 "x":1892,
                 "y":100
                }, 
                {
                 "gid":71,
                 "height":40,
                 "id":13,
                 "name":"",
                 "rotation":0,
                 "type":"",
                 "visible":true,
                 "width":40,
                 "x":1982,
                 "y":96
                }, 
                {
                 "gid":71,
                 "height":40,
                 "id":14,
                 "name":"",
                 "rotation":0,
                 "type":"",
                 "visible":true,
                 "width":40,
                 "x":2166,
                 "y":100
                }, 
                {
                 "gid":45,
                 "height":32,
                 "id":15,
                 "name":"",
                 "rotation":0,
                 "type":"",
                 "visible":true,
                 "width":42,
                 "x":2277,
                 "y":116
                }, 
                {
                 "gid":45,
                 "height":32,
                 "id":17,
                 "name":"",
                 "rotation":0,
                 "type":"",
                 "visible":true,
                 "width":42,
                 "x":2461,
                 "y":396
                }, 
                {
                 "gid":45,
                 "height":32,
                 "id":18,
                 "name":"",
                 "rotation":0,
                 "type":"",
                 "visible":true,
                 "width":42,
                 "x":1097,
                 "y":406
                }, 
                {
                 "gid":71,
                 "height":40,
                 "id":19,
                 "name":"",
                 "rotation":0,
                 "type":"",
                 "visible":true,
                 "width":40,
                 "x":1922,
                 "y":416
                }, 
                {
                 "gid":71,
                 "height":40,
                 "id":20,
                 "name":"",
                 "rotation":0,
                 "type":"",
                 "visible":true,
                 "width":40,
                 "x":2332,
                 "y":422
                }, 
                {
                 "gid":51,
                 "height":22,
                 "id":21,
                 "name":"",
                 "rotation":0,
                 "type":"",
                 "visible":true,
                 "width":22,
                 "x":69,
                 "y":255
                }, 
                {
                 "gid":51,
                 "height":22,
                 "id":33,
                 "name":"Coin",
                 "rotation":0,
                 "type":"",
                 "visible":true,
                 "width":22,
                 "x":187,
                 "y":259
                }, 
                {
                 "gid":51,
                 "height":22,
                 "id":34,
                 "name":"",
                 "rotation":0,
                 "type":"",
                 "visible":true,
                 "width":22,
                 "x":353,
                 "y":193
                }, 
                {
                 "gid":51,
                 "height":22,
                 "id":35,
                 "name":"",
                 "rotation":0,
                 "type":"",
                 "visible":true,
                 "width":22,
                 "x":463,
                 "y":77
                }, 
                {
                 "gid":51,
                 "height":22,
                 "id":36,
                 "name":"",
                 "rotation":0,
                 "type":"",
                 "visible":true,
                 "width":22,
                 "x":403,
                 "y":139
                }, 
                {
                 "gid":51,
                 "height":22,
                 "id":37,
                 "name":"",
                 "rotation":0,
                 "type":"",
                 "visible":true,
                 "width":22,
                 "x":571,
                 "y":105
                }, 
                {
                 "gid":51,
                 "height":22,
                 "id":38,
                 "name":"",
                 "rotation":0,
                 "type":"",
                 "visible":true,
                 "width":22,
                 "x":641,
                 "y":179
                }, 
                {
                 "gid":51,
                 "height":22,
                 "id":39,
                 "name":"",
                 "rotation":0,
                 "type":"",
                 "visible":true,
                 "width":22,
                 "x":809,
                 "y":217
                }, 
                {
                 "gid":51,
                 "height":22,
                 "id":40,
                 "name":"",
                 "rotation":0,
                 "type":"",
                 "visible":true,
                 "width":22,
                 "x":963,
                 "y":337
                }, 
                {
                 "gid":51,
                 "height":22,
                 "id":41,
                 "name":"",
                 "rotation":0,
                 "type":"",
                 "visible":true,
                 "width":22,
                 "x":1041,
                 "y":337
                }, 
                {
                 "gid":51,
                 "height":22,
                 "id":42,
                 "name":"",
                 "rotation":0,
                 "type":"",
                 "visible":true,
                 "width":22,
                 "x":1123,
                 "y":339
                }, 
                {
                 "gid":51,
                 "height":22,
                 "id":43,
                 "name":"",
                 "rotation":0,
                 "type":"",
                 "visible":true,
                 "width":22,
                 "x":1269,
                 "y":231
                }, 
                {
                 "gid":51,
                 "height":22,
                 "id":44,
                 "name":"",
                 "rotation":0,
                 "type":"",
                 "visible":true,
                 "width":22,
                 "x":1438,
                 "y":205
                }, 
                {
                 "gid":51,
                 "height":22,
                 "id":45,
                 "name":"",
                 "rotation":0,
                 "type":"",
                 "visible":true,
                 "width":22,
                 "x":1713,
                 "y":45
                }, 
                {
                 "gid":51,
                 "height":22,
                 "id":46,
                 "name":"",
                 "rotation":0,
                 "type":"",
                 "visible":true,
                 "width":22,
                 "x":1809,
                 "y":37
                }, 
                {
                 "gid":51,
                 "height":22,
                 "id":47,
                 "name":"",
                 "rotation":0,
                 "type":"",
                 "visible":true,
                 "width":22,
                 "x":1891,
                 "y":33
                }, 
                {
                 "gid":51,
                 "height":22,
                 "id":48,
                 "name":"",
                 "rotation":0,
                 "type":"",
                 "visible":true,
                 "width":22,
                 "x":2021,
                 "y":43
                }, 
                {
                 "gid":51,
                 "height":22,
                 "id":49,
                 "name":"",
                 "rotation":0,
                 "type":"",
                 "visible":true,
                 "width":22,
                 "x":2101,
                 "y":37
                }, 
                {
                 "gid":51,
                 "height":22,
                 "id":50,
                 "name":"",
                 "rotation":0,
                 "type":"",
                 "visible":true,
                 "width":22,
                 "x":2183,
                 "y":39
                }, 
                {
                 "gid":51,
                 "height":22,
                 "id":51,
                 "name":"",
                 "rotation":0,
                 "type":"",
                 "visible":true,
                 "width":22,
                 "x":2425,
                 "y":163
                }, 
                {
                 "gid":51,
                 "height":22,
                 "id":52,
                 "name":"",
                 "rotation":0,
                 "type":"",
                 "visible":true,
                 "width":22,
                 "x":2421,
                 "y":261
                }, 
                {
                 "gid":51,
                 "height":22,
                 "id":54,
                 "name":"",
                 "rotation":0,
                 "type":"",
                 "visible":true,
                 "width":22,
                 "x":2427,
                 "y":355
                }, 
                {
                 "gid":50,
                 "height":64,
                 "id":55,
                 "name":"Saw",
                 "rotation":0,
                 "type":"",
                 "visible":true,
                 "width":64,
                 "x":658,
                 "y":86
                }, 
                {
                 "gid":50,
                 "height":64,
                 "id":57,
                 "name":"",
                 "rotation":0,
                 "type":"",
                 "visible":true,
                 "width":64,
                 "x":1004,
                 "y":288
                }, 
                {
                 "gid":50,
                 "height":64,
                 "id":58,
                 "name":"",
                 "rotation":0,
                 "type":"",
                 "visible":true,
                 "width":64,
                 "x":2284,
                 "y":360
                }],
         "opacity":1,
         "type":"objectgroup",
         "visible":true,
         "x":0,
         "y":0
        }],
 "nextobjectid":59,
 "orientation":"orthogonal",
 "renderorder":"right-down",
 "tiledversion":"1.1.5",
 "tileheight":42,
 "tilesets":[
        {
         "columns":11,
         "firstgid":1,
         "image":"tileset-42x42.png",
         "imageheight":168,
         "imagewidth":462,
         "margin":0,
         "name":"tiles1",
         "spacing":0,
         "tilecount":44,
         "tileheight":42,
         "tilewidth":42
        }, 
        {
         "columns":5,
         "firstgid":45,
         "image":"spider_spritesheet.png",
         "imageheight":32,
         "imagewidth":210,
         "margin":0,
         "name":"spider",
         "spacing":0,
         "tilecount":5,
         "tileheight":32,
         "tilewidth":42
        }, 
        {
         "columns":1,
         "firstgid":50,
         "image":"saw.png",
         "imageheight":64,
         "imagewidth":64,
         "margin":0,
         "name":"saw",
         "spacing":0,
         "tilecount":1,
         "tileheight":64,
         "tilewidth":64
        }, 
        {
         "columns":4,
         "firstgid":51,
         "image":"coin_spritesheet.png",
         "imageheight":22,
         "imagewidth":88,
         "margin":0,
         "name":"coin_spritesheet",
         "spacing":0,
         "tilecount":4,
         "tileheight":22,
         "tilewidth":22
        }, 
        {
         "columns":4,
         "firstgid":55,
         "image":"Bats2.png",
         "imageheight":160,
         "imagewidth":192,
         "margin":0,
         "name":"Bats",
         "spacing":0,
         "tilecount":16,
         "tileheight":40,
         "tilewidth":48
        }, 
        {
         "columns":7,
         "firstgid":71,
         "image":"goblin.png",
         "imageheight":40,
         "imagewidth":280,
         "margin":0,
         "name":"goblin",
         "spacing":0,
         "tilecount":7,
         "tileheight":40,
         "tilewidth":40
        }],
 "tilewidth":42,
 "type":"map",
 "version":1,
 "width":60
}